{
    "test": "delete",
    "operation": "delete",
    "types": [
        "list",
        "functional",
        "recursive",
        "iterative",
        "extension"
    ],
    "result": [
        {
            "height": 5,
            "count": 4,
            "list": [
                3.4000004234258085e-06,
                2.4999972083605826e-06,
                2.5000008463393897e-06,
                2.5999979698099196e-06,
                2.5000008463393897e-06
            ],
            "functional": [
                2.5400000595254824e-05,
                1.8200000340584666e-05,
                2.179999864893034e-05,
                1.7399997886968777e-05,
                2.300000051036477e-05
            ],
            "recursive": [
                1.7700000171316788e-05,
                1.5300000086426735e-05,
                1.7399997886968777e-05,
                1.4799999917158857e-05,
                1.809999957913533e-05
            ],
            "iterative": [
                1.5000001440057531e-05,
                1.1899999663000926e-05,
                1.3900000340072438e-05,
                1.1500000255182385e-05,
                1.6099998902063817e-05
            ],
            "extension": [
                1.5000005078036338e-06,
                1.4999968698248267e-06,
                1.5999976312741637e-06,
                1.7000020307023078e-06,
                1.6999983927235007e-06
            ]
        },
        {
            "height": 6,
            "count": 8,
            "list": [
                3.5000011848751456e-06,
                3.6999990697950125e-06,
                3.6999990697950125e-06,
                3.7999998312443495e-06,
                3.6999990697950125e-06
            ],
            "functional": [
                6.909999865456484e-05,
                4.3700001697288826e-05,
                4.1200000850949436e-05,
                4.389999958220869e-05,
                4.260000059730373e-05
            ],
            "recursive": [
                3.590000051190145e-05,
                3.569999898900278e-05,
                3.460000152699649e-05,
                3.5000000934815034e-05,
                3.520000245771371e-05
            ],
            "iterative": [
                2.6500001695239916e-05,
                2.2100000933278352e-05,
                2.6199999410891905e-05,
                2.469999890308827e-05,
                2.5000001187436283e-05
            ],
            "extension": [
                3.0999981390777975e-06,
                2.6999987312592566e-06,
                2.9000002541579306e-06,
                2.9000002541579306e-06,
                2.6999987312592566e-06
            ]
        },
        {
            "height": 7,
            "count": 16,
            "list": [
                5.699999746866524e-06,
                5.899997631786391e-06,
                5.900001269765198e-06,
                5.900001269765198e-06,
                5.999998393235728e-06
            ],
            "functional": [
                0.0001024999983201269,
                0.0001269999993382953,
                9.080000018002465e-05,
                9.429999772692099e-05,
                9.810000119614415e-05
            ],
            "recursive": [
                8.410000009462237e-05,
                8.399999933317304e-05,
                7.660000119358301e-05,
                7.750000077066943e-05,
                8.000000161700882e-05
            ],
            "iterative": [
                5.6300003052456304e-05,
                5.919999966863543e-05,
                4.160000025876798e-05,
                5.190000229049474e-05,
                4.86999997519888e-05
            ],
            "extension": [
                5.000001692678779e-06,
                5.199999577598646e-06,
                4.899997293250635e-06,
                4.800000169780105e-06,
                4.899997293250635e-06
            ]
        },
        {
            "height": 8,
            "count": 32,
            "list": [
                1.9899998733308166e-05,
                1.0600000678095967e-05,
                1.0699997801566496e-05,
                1.0600000678095967e-05,
                1.049999991664663e-05
            ],
            "functional": [
                0.0002181999989261385,
                0.0002172999993490521,
                0.00022019999960321002,
                0.00021610000112559646,
                0.0002811999984260183
            ],
            "recursive": [
                0.0001953999999386724,
                0.00017870000010589138,
                0.00018140000247512944,
                0.00018260000069858506,
                0.00018350000027567148
            ],
            "iterative": [
                0.0001016000023810193,
                9.380000119563192e-05,
                0.00010019999899668619,
                9.330000102636404e-05,
                0.00010459999975864775
            ],
            "extension": [
                1.0600000678095967e-05,
                9.400002454640344e-06,
                8.800001523923129e-06,
                9.499999578110874e-06,
                9.20000093174167e-06
            ]
        },
        {
            "height": 9,
            "count": 64,
            "list": [
                2.0399998902576044e-05,
                1.9899998733308166e-05,
                2.0200001017656177e-05,
                2.0399998902576044e-05,
                2.0600000425474718e-05
            ],
            "functional": [
                0.0004754999972647056,
                0.0004852999991271645,
                0.0004879000007349532,
                0.000487299999804236,
                0.0004747000020870473
            ],
            "recursive": [
                0.00039430000106221996,
                0.00039120000292314216,
                0.0004047999973408878,
                0.0004025000016554259,
                0.00040040000021690503
            ],
            "iterative": [
                0.00018939999790745787,
                0.00019389999943086877,
                0.00021079999714856967,
                0.0002094999981636647,
                0.00020450000010896474
            ],
            "extension": [
                1.759999940986745e-05,
                1.7700000171316788e-05,
                1.8200000340584666e-05,
                1.759999940986745e-05,
                1.840000186348334e-05
            ]
        },
        {
            "height": 10,
            "count": 128,
            "list": [
                4.5900000259280205e-05,
                4.5900000259280205e-05,
                4.569999873638153e-05,
                4.369999805931002e-05,
                4.5599997974932194e-05
            ],
            "functional": [
                0.0010865000003832392,
                0.0010517000009713229,
                0.0012219999989611097,
                0.001099899996916065,
                0.0010799999981827568
            ],
            "recursive": [
                0.0009304000013798941,
                0.0008851999991748016,
                0.0008951999989221804,
                0.0008936000012909062,
                0.0008980000020528678
            ],
            "iterative": [
                0.00042269999903510325,
                0.00039939999987836927,
                0.0004321999986132141,
                0.0004062999978486914,
                0.000406000002840301
            ],
            "extension": [
                3.6600002204068005e-05,
                3.7000001611886546e-05,
                3.7099998735357076e-05,
                3.730000025825575e-05,
                3.740000101970509e-05
            ]
        },
        {
            "height": 11,
            "count": 256,