{
    "test": "fill",
    "operation": "insert",
    "types": [
        "list",
        "functional",
        "recursive",
        "iterative",
        "extension"
    ],
    "result": [
        {
            "height": 5,
            "count": 31,
            "list": [
                5.999999848427251e-05,
                1.2700002116616815e-05,
                1.2600001355167478e-05,
                1.2099997547920793e-05,
                1.2600001355167478e-05
            ],
            "functional": [
                0.0001711999939288944,
                0.00016830000095069408,
                0.0001655999949434772,
                0.00012879999849246815,
                0.00014739999460289255
            ],
            "recursive": [
                0.00014769999688724056,
                0.00012490000517573208,
                0.0001384999995934777,
                0.00011000000085914508,
                0.00012720000086119398
            ],
            "iterative": [
                0.00014080000255489722,
                0.00012910000077681616,
                0.00017069999739760533,
                9.800000407267362e-05,
                0.00012060000153724104
            ],
            "extension": [
                3.580000338843092e-05,
                8.800001523923129e-06,
                8.900002285372466e-06,
                8.299997716676444e-06,
                8.499999239575118e-06
            ]
        },
        {
            "height": 6,
            "count": 63,
            "list": [
                2.439999661874026e-05,
                3.440000000409782e-05,
                6.900000153109431e-05,
                3.35000004270114e-05,
                2.42000023717992e-05
            ],
            "functional": [
                0.00037960000190651044,
                0.00047259999701054767,
                0.00034299999970244244,
                0.0003949000019929372,
                0.0003528000015649013
            ],
            "recursive": [
                0.0003062999967369251,
                0.00033990000520134345,
                0.0002853999976650812,
                0.0003043999968213029,
                0.0003296000068075955
            ],
            "iterative": [
                0.0002821000016410835,
                0.0002598999999463558,
                0.00024049999774433672,
                0.00024189999385271221,
                0.00023740000324323773
            ],
            "extension": [
                1.5700003132224083e-05,
                2.5699999241624027e-05,
                1.6900004993658513e-05,
                1.5199999324977398e-05,
                1.5700003132224083e-05
            ]
        },
        {
            "height": 7,
            "count": 127,
            "list": [
                5.8800003898795694e-05,
                4.760000592796132e-05,
                5.769999552285299e-05,
                6.690000009257346e-05,
                5.729999975301325e-05
            ],
            "functional": [
                0.0008329999982379377,
                0.0007963999960338697,
                0.0008670000024721958,
                0.0008201999953598715,
                0.0008046999937505461
            ],
            "recursive": [
                0.0006685999978799373,
                0.0007126999989850447,
                0.0007668000034755096,
                0.0007795000055921264,
                0.0006930999952601269
            ],
            "iterative": [
                0.0005310999986249954,
                0.0006983999992371537,
                0.0006498000002466142,
                0.0006100000027799979,
                0.0006446999977924861
            ],
            "extension": [
                3.1299998227041215e-05,
                3.239999932702631e-05,
                3.270000161137432e-05,
                3.210000431863591e-05,
                3.229999856557697e-05
            ]
        },
        {
            "height": 8,
            "count": 255,
            "list": [
                0.00010710000060498714,
                0.00010820000170497224,
                0.00010540000221226364,
                0.00010990000009769574,
                0.00010369999654358253
            ],
            "functional": [
                0.0018192999996244907,
                0.0020031000021845102,
                0.0019037000020034611,
                0.0018038999987766147,
                0.0019086000029346906
            ],
            "recursive": [
                0.0019850999960908666,
                0.00165529999503633,
                0.0015985999998520128,
                0.001504799998656381,
                0.001668900004005991
            ],
            "iterative": [
                0.0014837999988230877,
                0.0013408000013441779,
                0.0011419000002206303,
                0.0013103999954182655,
                0.0010832999978447333
            ],
            "extension": [
                0.00010420000035082921,
                9.23000043258071e-05,
                7.780000305501744e-05,
                8.189999789465219e-05,
                8.259999594883993e-05
            ]
        },
        {
            "height": 9,
            "count": 511,
            "list": [
                0.00026369999977760017,
                0.00022819999867351726,
                0.00023839999630581588,
                0.00024390000180574134,
                0.00024619999749120325
            ],
            "functional": [
                0.004243799994583242,
                0.004188899998553097,
                0.004586900002323091,
                0.014510399996652268,
                0.004268699995009229
            ],
            "recursive": [
                0.003773700002057012,
                0.0035695000042323954,
                0.003607500002544839,
                0.004194300003291573,
                0.0036715000023832545
            ],
            "iterative": [
                0.002745199999480974,
                0.0023493999979109503,
                0.002125599996361416,
                0.002318099999683909,
                0.003789499998674728
            ],
            "extension": [
                0.00017440000374335796,
                0.0001300999938393943,
                0.00015970000094966963,
                0.0001674999948590994,
                0.00022460000036517158
            ]
        },
        {
            "height": 10,
            "count": 1023,
            "list": [
                0.0006869999997434206,
                0.000607299996772781,
                0.0012750000023515895,
                0.0005784000022686087,
                0.00048380000225733966
            ],
            "functional": [
                0.01602709999860963,
                0.011972899999818765,
                0.011724099997081794,
                0.009235899997293018,
                0.009043399993970525
            ],
            "recursive": [
                0.02167829999962123,
                0.01089460000366671,
                0.007971200000611134,
                0.008186400002159644,
                0.0114296000028844
            ],
            "iterative": [
                0.013999499999044929,
                0.006605499998840969,
                0.004689099994720891,
                0.004831800004467368,
                0.007159000000683591
            ],
            "extension": [
                0.00039229999674716964,
                0.0006844999952591024,
                0.0003316000002087094,
                0.0003251000016462058,
                0.0003205999964848161
            ]
        },
        {
            "height": 11,
            "count": 2047,
            "list": [
                0.0012922999958391301,
                0.0016899000038392842,
                0.0013216000006650575,
                0.0016586999990977347,
                0.0012617000029422343
            ],