{
    "test": "insert",
    "operation": "insert",
    "types": [
        "list",
        "functional",
        "recursive",
        "iterative",
        "extension"
    ],
    "result": [
        {
            "height": 5,
            "count": 4,
            "list": [
                4.699999408330768e-06,
                9.399998816661537e-06,
                3.1000017770566046e-06,
                2.9000002541579306e-06,
                2.6999987312592566e-06
            ],
            "functional": [
                2.5300003471784294e-05,
                2.4599998141638935e-05,
                1.9899998733308166e-05,
                2.7900001441594213e-05,
                2.6599998818710446e-05
            ],
            "recursive": [
                2.0200001017656177e-05,
                2.08000055863522e-05,
                1.7600003047846258e-05,
                2.300000051036477e-05,
                2.220000169472769e-05
            ],
            "iterative": [
                1.6199999663513154e-05,
                1.5899997379165143e-05,
                1.3500000932253897e-05,
                2.1500003640539944e-05,
                2.220000169472769e-05
            ],
            "extension": [
                1.8999999156221747e-06,
                2.2000021999701858e-06,
                1.5999976312741637e-06,
                1.5999976312741637e-06,
                1.7999991541728377e-06
            ]
        },
        {
            "height": 6,
            "count": 8,
            "list": [
                4.5000051613897085e-06,
                4.3000036384910345e-06,
                4.399997123982757e-06,
                4.3000036384910345e-06,
                4.599998646881431e-06
            ],
            "functional": [
                4.999999509891495e-05,
                5.299999611452222e-05,
                6.089999806135893e-05,
                5.2900002629030496e-05,
                5.3499999921768904e-05
            ],
            "recursive": [
                4.189999890513718e-05,
                4.600000102072954e-05,
                5.0199996621813625e-05,
                4.610000178217888e-05,
                4.579999949783087e-05
            ],
            "iterative": [
                2.9499999072868377e-05,
                3.6600002204068005e-05,
                3.9699996705166996e-05,
                3.169999399688095e-05,
                3.809999907389283e-05
            ],
            "extension": [
                2.6000052457675338e-06,
                2.6999987312592566e-06,
                3.0000010156072676e-06,
                3.1000017770566046e-06,
                2.9000002541579306e-06
            ]
        },
        {
            "height": 7,
            "count": 16,
            "list": [
                7.899994670879096e-06,
                1.0099996870849282e-05,
                8.199996955227107e-06,
                7.799993909429759e-06,
                8.100003469735384e-06
            ],
            "functional": [
                0.00011760000052163377,
                0.00011749999976018444,
                0.0001269000058528036,
                0.00011860000086016953,
                0.0001227000029757619
            ],
            "recursive": [
                0.000149500003317371,
                0.00011480000102892518,
                0.000115999995614402,
                0.00010800000018207356,
                0.00011010000162059441
            ],
            "iterative": [
                9.300000237999484e-05,
                8.669999806443229e-05,
                9.100000170292333e-05,
                8.209999941755086e-05,
                7.419999747071415e-05
            ],
            "extension": [
                6.499998562503606e-06,
                5.49999822396785e-06,
                5.399997462518513e-06,
                5.099995178170502e-06,
                5.199995939619839e-06
            ]
        },
        {
            "height": 8,
            "count": 32,
            "list": [
                1.4500001270789653e-05,
                2.390000008745119e-05,
                1.599999814061448e-05,
                1.479999627918005e-05,
                1.4400000509340316e-05
            ],
            "functional": [
                0.00024319999647559598,
                0.00025119999918388203,
                0.0002674999996088445,
                0.00024310000299010426,
                0.00025009999808389693
            ],
            "recursive": [
                0.00021349999587982893,
                0.00023569999757455662,
                0.00023389999842038378,
                0.00021399999968707561,
                0.00021769999875687063
            ],
            "iterative": [
                0.0001362999973935075,
                0.00015669999993406236,
                0.0001505999971413985,
                0.0001340000017080456,
                0.00013049999688519165
            ],
            "extension": [
                9.10000380827114e-06,
                1.0799994925037026e-05,
                9.800001862458885e-06,
                9.10000380827114e-06,
                9.000003046821803e-06
            ]
        },
        {
            "height": 9,
            "count": 64,
            "list": [
                3.139999898849055e-05,
                3.270000161137432e-05,
                3.260000084992498e-05,
                4.1200000850949436e-05,
                3.9699996705166996e-05
            ],
            "functional": [
                0.0007291000001714565,
                0.000658500001009088,
                0.000919999998586718,
                0.000632800001767464,
                0.0007759000000078231
            ],
            "recursive": [
                0.0004813000050489791,
                0.0004926000037812628,
                0.0007456000021193177,
                0.0005362000010791235,
                0.0005975999956717715
            ],
            "iterative": [
                0.0003065999990212731,
                0.0002983999947900884,
                0.000429300001997035,
                0.0003575000009732321,
                0.0007251999995787628
            ],
            "extension": [
                2.08000055863522e-05,
                1.8499995348975062e-05,
                2.4400003894697875e-05,
                2.2199994418770075e-05,
                3.77000033040531e-05
            ]
        },
        {
            "height": 10,
            "count": 128,
            "list": [
                0.00010779999865917489,
                6.919999577803537e-05,
                0.00016239999968092889,
                7.189999450929463e-05,
                7.990000449353829e-05
            ],
            "functional": [
                0.0015636000025551766,
                0.0016609000012977049,
                0.0016413999983342364,
                0.0013318999990588054,
                0.0013302999941515736
            ],
            "recursive": [
                0.0013403999982983805,
                0.0010481999997864477,
                0.0010407000008854084,
                0.0011059000025852583,
                0.0013049000044702552
            ],
            "iterative": [
                0.0006021999943186529,
                0.0006110000031185336,
                0.0005634000044665299,
                0.0006210999999893829,
                0.0006959000020287931
            ],
            "extension": [
                3.94000016967766e-05,
                4.0400002035312355e-05,
                3.980000474257395e-05,
                3.9200000173877925e-05,
                4.310000076657161e-05
            ]
        },
        {
            "height": 11,
            "count": 256,